<?xml version="1.0" encoding="UTF-8"?>
<addon id="plugin.video.Alghourbatv" version="1.0.1" name="AlGhourbaTV" provider-name="Hisham Marzouk">
  <requires>
    <import addon="xbmc.python" version="2.1.0"/>
  	<import addon="plugin.video.youtube" version="3.0.0"/>
	<import addon="xbmc.python" version="2.1.0"/>
    <import addon="script.module.xbmcswift2" version="2.4.0"/>
  </requires>
 
  <extension point="xbmc.python.pluginsource" library="default.py">
    <provides>video</provides>
  </extension>
  <extension point="xbmc.addon.metadata">
    <summary>Addon made by Hisham marzouk</summary>
    <description>Al Ghourba TV :Addon made by Hisham Marzouk This plugin is completely FREE.
	Link: https://www.officialhrm.com</description>
	<platform>all</platform>
  </extension>
</addon>
